epoch,steps,cosine_pearson,cosine_spearman,euclidean_pearson,euclidean_spearman,manhattan_pearson,manhattan_spearman,dot_pearson,dot_spearman
-1,-1,0.8413392637855073,0.8470722507409771,0.8241765669771014,0.8266489812524289,0.8241478314072027,0.8269338569293665,0.8005123817355824,0.7969341250647142
